clave_micorsip,clave_empresa,nombre_articulo,descripcion,precio,nombre_imagen,unidad_medida,existencia,max,min,reorden
ABR12MM1/2,ABR12MM1/2,ABRAZADERA COLGANTE 13MM 1/2 CLIP 12,ABRAZADERA COLGANTE 13MM 1/2 CLIP 12,3.63,,,100,100,20,60
ABR3/4,ABR3/4,ABRAZADERA COLGANTE 19MM 3/4 CLIP 34,ABRAZADERA COLGANTE 19MM 3/4 CLIP 34,3.99,,,100,100,20,60
ABR25MM,ABR25MM,"ABRAZADERA COLGANTE 25 MM 1"" CLIP 100","ABRAZADERA COLGANTE 25 MM 1"" CLIP 100",4.88,,,100,100,20,60
ABR-61/2,ABR-61/2,"ABRAZADERA SIN FIN  ML-6 1/2"" A 7/8"" HS--6M (BANDA DELGADA)","ABRAZADERA SIN FIN  ML-6 1/2"" A 7/8"" HS--6M (BANDA DELGADA)",4.99,,,100,100,20,60
ABR8/12A1,ABR8/12A1,ABRAZADERA SIN FIN L- 8 1/2 A-1    HS-8,ABRAZADERA SIN FIN L- 8 1/2 A-1    HS-8,5.34,,,100,100,20,60
ABRASINF,ABRASINF,"ABRAZADERA SIN FIN L-16 3/4"" A 1 1/2"" HS-16","ABRAZADERA SIN FIN L-16 3/4"" A 1 1/2"" HS-16",4.99,,,100,100,20,60
ABRAS,ABRAS,ABRAZADERA SIN FIN L-28 1 1/2 A 2 1/4 HS--28,ABRAZADERA SIN FIN L-28 1 1/2 A 2 1/4 HS--28,4.65,,,100,100,20,60
ABR41/4,ABR41/4,ABRAZADERA SIN FIN ML-4 1/4 A 5/8 HS-4M,ABRAZADERA SIN FIN ML-4 1/4 A 5/8 HS-4M,5.01,,,100,100,20,60
2794008,2794008,AFLOJATODO 11 OZ 110078 WD-40,AFLOJATODO 11 OZ 110078 WD-40,92.41,,,100,100,20,60
WD40AFLOJATODO4LTS,WD40AFLOJATODO4LTS,AFLOJATODO GALON 4LTS 10110 WD-40,AFLOJATODO GALON 4LTS 10110 WD-40,341.05,,,100,100,20,60
WD40AFLOJATODO10110,WD40AFLOJATODO10110,AFLOJATODO WD-40 GALON 4LTS 10110,AFLOJATODO WD-40 GALON 4LTS 10110,341.05,,,100,100,20,60
AGUAP/BACTOPTI,AGUAP/BACTOPTI,AGUA PARA BATERIA OPTIMUS GALON,AGUA PARA BATERIA OPTIMUS GALON,96.58,,,100,100,20,60
ALCOISO20L,ALCOISO20L,ALCOHOL ISOPROPILICO PORRON 20 L,ALCOHOL ISOPROPILICO PORRON 20 L,931,,,100,100,20,60
ANCL12,ANCL12,"ANCLA ARPON 1/2"" X 5½ AA 12 512","ANCLA ARPON 1/2"" X 5½ AA 12 512",9.56,,,100,100,20,60
ANCL1/4X3/4,ANCL1/4X3/4,ANCLA ARPON 1/4 X  3 1/4 AA 14 314,ANCLA ARPON 1/4 X  3 1/4 AA 14 314,2.38,,,100,100,20,60
ANCLA3/8X3/4,ANCLA3/8X3/4,ANCLA ARPON 3/8 X 3 3/4 AA38334,ANCLA ARPON 3/8 X 3 3/4 AA38334,7.25,,,100,100,20,60
ANCLA/8,ANCLA/8,"ANCLA ARPON 5/8"" X 6"" AA 58 600","ANCLA ARPON 5/8"" X 6"" AA 58 600",18.62,,,100,100,20,60
ANTICONGAL,ANTICONGAL,ANTICONGELANTE PRESTONE GALON,ANTICONGELANTE PRESTONE GALON,293.3,,,100,100,20,60
APA15A120W,APA15A120W,APAGADOR L.A. SENC 15A 120V MARF #1451-ICP LEVITON,APAGADOR L.A. SENC 15A 120V MARF #1451-ICP LEVITON,23.24,,,100,100,20,60
BALAS44X32,BALAS44X32,BALASTRA 4 X 32 120V/277 T8 PHILLIPS ICN4P32N73M N683-1,BALASTRA 4 X 32 120V/277 T8 PHILLIPS ICN4P32N73M N683-1,219.1,,,100,100,20,60
BA32W,BA32W,BARRA 32 W. BLANCO FRIO T8 841 PHILLIPS 272492/281550 (4000),BARRA 32 W. BLANCO FRIO T8 841 PHILLIPS 272492/281550 (4000),18.19,,,100,100,20,60
BAR32WLUZ,BAR32WLUZ,BARRA 32 W. LUZ DE DIA T8 5000K PILLIPS 281568,BARRA 32 W. LUZ DE DIA T8 5000K PILLIPS 281568,21.22,,,100,100,20,60
BARR32W,BARR32W,BARRA CIRCULAR 32W 6400K FCL32,BARRA CIRCULAR 32W 6400K FCL32,46.2,,,100,100,20,60
BARRSILIC,BARRSILIC,BARRAS DE SILICON DE REPUESTO PIPE- 5/16 TRUPER 17537,BARRAS DE SILICON DE REPUESTO PIPE- 5/16 TRUPER 17537,39.75,,,100,100,20,60
BATE9VD,BATE9VD,BATERIA DURACELL ALCALINE 9V,BATERIA DURACELL ALCALINE 9V,34.97,,,100,100,20,60
BATDURAAA,BATDURAAA,BATERIA DURACELL ALKALINE   AA,BATERIA DURACELL ALKALINE   AA,10.9,,,100,100,20,60
BATDURAAAA,BATDURAAAA,BATERIA DURACELL ALKALINE  AAA,BATERIA DURACELL ALKALINE  AAA,9.25,,,100,100,20,60
DURAALKC,DURAALKC,BATERIA DURACELL ALKALINE C,BATERIA DURACELL ALKALINE C,40.95,,,100,100,20,60
DURAALKD,DURAALKD,BATERIA DURACELL ALKALINE D,BATERIA DURACELL ALKALINE D,44.1,,,100,100,20,60
BATERIAENERGIZER9V,BATERIAENERGIZER9V,BATERIA ENERGIZER IND/ALKALINE 9V,BATERIA ENERGIZER IND/ALKALINE 9V,34.97,,,100,100,20,60
BATERIAENERGIZERAA,BATERIAENERGIZERAA,BATERIA ENERGIZER IND/ALKALINE AA,BATERIA ENERGIZER IND/ALKALINE AA,10.9,,,100,100,20,60
BAT01AA,BAT01AA,BATERIA ENERGIZER IND/ALKALINE AAA,BATERIA ENERGIZER IND/ALKALINE AAA,9.25,,,100,100,20,60
BISLI,BISLI,BISAGRA LIBRO STANLEY 3 X 3 #08-1060 741 (51A300GR),BISAGRA LIBRO STANLEY 3 X 3 #08-1060 741 (51A300GR),46.26,,,100,100,20,60
BIS1312,BIS1312,"BISAGRA TUBULAR 13MM 1/2""","BISAGRA TUBULAR 13MM 1/2""",3.39,,,100,100,20,60
BRAK1P30SQD,BRAK1P30SQD,BREAKER SQD 1 POLO 30 QO130,BREAKER SQD 1 POLO 30 QO130,117.6,,,100,100,20,60
BROC6.41/4X6,BROC6.41/4X6,"BROCA P/ROTOMARTILLO SDS  6.4mm 1/4"" X  6"" TC0525 TOOLCRAFT","BROCA P/ROTOMARTILLO SDS  6.4mm 1/4"" X  6"" TC0525 TOOLCRAFT",25.32,,,100,100,20,60
BROC9.53/8X6,BROC9.53/8X6,"BROCA P/ROTOMARTILLO SDS  9.5mm 3/8"" X  6"" TC0531 TOOLCRAFT","BROCA P/ROTOMARTILLO SDS  9.5mm 3/8"" X  6"" TC0531 TOOLCRAFT",26.96,,,100,100,20,60
BROC12.71/2X6,BROC12.71/2X6,"BROCA P/ROTOMARTILLO SDS 12.7mm 1/2"" X  6"" TC0537 TOOLCRAFT","BROCA P/ROTOMARTILLO SDS 12.7mm 1/2"" X  6"" TC0537 TOOLCRAFT",32.64,,,100,100,20,60
BROCHALABUENA2,BROCHALABUENA2,"BROCHA LA BUENA 2"" BYP BBU20","BROCHA LA BUENA 2"" BYP BBU20",13.45,,,100,100,20,60
BROCHALA BUENA3,BROCHALA BUENA3,"BROCHA LA BUENA 3"" BYP BBU30","BROCHA LA BUENA 3"" BYP BBU30",19.22,,,100,100,20,60
BUSHBRO,BUSHBRO,BUSHING BRONZE 5/16 X 1/2 X ½,BUSHING BRONZE 5/16 X 1/2 X ½,29.64,,,100,100,20,60
CABLEM12,CABLEM12,CABLE M12HEMBRA 4POLOS,CABLE M12HEMBRA 4POLOS,353.56,,,100,100,20,60
CABLTH12VN,CABLTH12VN,CABLE THWN - THHN #12 VIAKON NEGRO,CABLE THWN - THHN #12 VIAKON NEGRO,8.12,,,100,100,20,60
CABL#12VER,CABL#12VER,CABLE THWN - THHN #12 VIAKON VERDE,CABLE THWN - THHN #12 VIAKON VERDE,8.12,,,100,100,20,60
CATW12BLAN,CATW12BLAN,CABLE THWN - THHN#12 VIAKON BLANCO,CABLE THWN - THHN#12 VIAKON BLANCO,8.12,,,100,100,20,60
CABUSRUD3X12,CABUSRUD3X12,CABLE USO RUDO ST ARGOS  3X12,CABLE USO RUDO ST ARGOS  3X12,36.46,,,100,100,20,60
CABLUSRUD4X10,CABLUSRUD4X10,CABLE USO RUDO ST ARGOS  4 X10,CABLE USO RUDO ST ARGOS  4 X10,109.91,,,100,100,20,60
CABUSR3X10,CABUSR3X10,CABLE USO RUDO ST ARGOS 3 X 10,CABLE USO RUDO ST ARGOS 3 X 10,80.9,,,100,100,20,60
CAME2X4,CAME2X4,CAJA METALICA 2 X 4 SALIDA 1/2 Y 3/4 ARGOS,CAJA METALICA 2 X 4 SALIDA 1/2 Y 3/4 ARGOS,9.72,,,100,100,20,60
CAMETA2X4,CAMETA2X4,CAJA METEALICA 2 X 4 SALIDA 1/2     USADHB-1-50- LH 050096,CAJA METEALICA 2 X 4 SALIDA 1/2     USADHB-1-50- LH 050096,17.99,,,100,100,20,60
CALBOL9DIG,CALBOL9DIG,CALCULADORA DE BOLSILLO #6 DE 8 DIG.,CALCULADORA DE BOLSILLO #6 DE 8 DIG.,37.61,,,100,100,20,60
CARD6X11/8,CARD6X11/8,"CARDA P/ESMERIL 6"" X 1 1/8"" CA-106","CARDA P/ESMERIL 6"" X 1 1/8"" CA-106",183.6,,,100,100,20,60
CPPVCO32,CPPVCO32,CEMENTO P/PVC GRIS CED-80 OATEY 32 OZ,CEMENTO P/PVC GRIS CED-80 OATEY 32 OZ,208.71,,,100,100,20,60
CEPMADBRO,CEPMADBRO,CEPILLO T.DENTAL DE MADERA BRONCE,CEPILLO T.DENTAL DE MADERA BRONCE,22.68,,,100,100,20,60
CHALE,CHALE,CHALECO FLUORECENTE NARANJA C/RAYA REFLEJANTES,CHALECO FLUORECENTE NARANJA C/RAYA REFLEJANTES,240,,,100,100,20,60
CHAFLOAM,CHAFLOAM,CHALECO FLUORECENTE VERDE C/RAYA REFLEJANTES JYRS AM,CHALECO FLUORECENTE VERDE C/RAYA REFLEJANTES JYRS AM,240,,,100,100,20,60
CHAPFN615,CHAPFN615,CHAPA C/LLAVE FANAL FN615-BALA (90450-019),CHAPA C/LLAVE FANAL FN615-BALA (90450-019),110.3,,,100,100,20,60
CINRAF914,CINRAF914,"CINTA ALUMINIO 2"" X 50 YDS. SHURTAPE LH AF914","CINTA ALUMINIO 2"" X 50 YDS. SHURTAPE LH AF914",183.9,,,100,100,20,60
"CIN2""X60","CIN2""X60","CINTA ALUMINIO 2"" X 60 YDS. 3M 70006385317  (70008500533)","CINTA ALUMINIO 2"" X 60 YDS. 3M 70006385317  (70008500533)","1,222.16",,,100,100,20,60
CINCA2X100,CINCA2X100,CINTA CANELA 2 X 100 MTS. 182 TUK,CINTA CANELA 2 X 100 MTS. 182 TUK,27,,,100,100,20,60
"CINCA2""","CINCA2""","CINTA CANELA 2"" X 100 NAVITEK 95 EXTRA","CINTA CANELA 2"" X 100 NAVITEK 95 EXTRA",27,,,100,100,20,60
CINTAPREAMARILLAJY,CINTAPREAMARILLAJY,CINTA DE PRECAUCION AMARILLA JYRSA 1192 305 MTS,CINTA DE PRECAUCION AMARILLA JYRSA 1192 305 MTS,115.61,,,100,100,20,60
CINDEDAL18MMX18,CINDEDAL18MMX18,CINTA DEDAL VERDE 18MM X18 MTS 740 TUK,CINTA DEDAL VERDE 18MM X18 MTS 740 TUK,14.29,,,100,100,20,60
CINDCA18,CINDCA18,CINTA DOBLE CARA 18MM X 50M 3/4 40,CINTA DOBLE CARA 18MM X 50M 3/4 40,59.14,,,100,100,20,60
CINTA25MM,CINTA25MM,CINTA MASKING 25 MM 1 X 50 MTS 110 TUK,CINTA MASKING 25 MM 1 X 50 MTS 110 TUK,24.97,,,100,100,20,60
CINT2X50,CINT2X50,"CINTA MASKING 51MM 2"" X 50 MTS","CINTA MASKING 51MM 2"" X 50 MTS",46.47,,,100,100,20,60
CINT95EXT,CINT95EXT,CINTA NAVITEK 95 EXTRA 72MMX100 TRANSPARENTE,CINTA NAVITEK 95 EXTRA 72MMX100 TRANSPARENTE,25.17,,,100,100,20,60
CINTAPDUCTOGRIS,CINTAPDUCTOGRIS,CINTA P/DUCTO GRIS 2 X 50 93-T TUK 659317,CINTA P/DUCTO GRIS 2 X 50 93-T TUK 659317,78.18,,,100,100,20,60
CINTAPAMA2X33MTS,CINTAPAMA2X33MTS,"CINTA P/PISO AMARILLA 2"" X 33 MTS. 434001 TUK","CINTA P/PISO AMARILLA 2"" X 33 MTS. 434001 TUK",42,,,100,100,20,60
CINTAZU2X33,CINTAZU2X33,"CINTA P/PISO AZUL 2"" X 33 MTS. 434015 TUK","CINTA P/PISO AZUL 2"" X 33 MTS. 434015 TUK",42,,,100,100,20,60
"CINTP/PNI2""","CINTP/PNI2""","CINTA P/PISO NEGRA 2"" X 33 MTS. 434041 TUK","CINTA P/PISO NEGRA 2"" X 33 MTS. 434041 TUK",42,,,100,100,20,60
CINTAPR2X33MTS,CINTAPR2X33MTS,"CINTA P/PISO ROJA 2"" X 33 MTS. 434002 TUK","CINTA P/PISO ROJA 2"" X 33 MTS. 434002 TUK",42,,,100,100,20,60
"CINTAP2""X33MTS","CINTAP2""X33MTS","CINTA P/PISO VERDE 2"" X 33 MTS. 434016 TUK","CINTA P/PISO VERDE 2"" X 33 MTS. 434016 TUK",42,,,100,100,20,60
CINTA,CINTA,"CINTA SCOTCH #23 3M 3/4"" HT002001309","CINTA SCOTCH #23 3M 3/4"" HT002001309",405.94,,,100,100,20,60
CINTASCO27,CINTASCO27,"CINTA SCOTCH #27 3M 1/2"".","CINTA SCOTCH #27 3M 1/2"".",447.32,,,100,100,20,60
CINTA33MEX3/4,CINTA33MEX3/4,"CINTA SCOTCH SUPER 33  MEX 3M  3/4""   ME900103271  CINTRA ELECTRICA VINILICA","CINTA SCOTCH SUPER 33  MEX 3M  3/4""   ME900103271  CINTRA ELECTRICA VINILICA",75,,,100,100,20,60
CINTEF01P1B2C,CINTEF01P1B2C,"CINTA TEFLON  13mm 1/2"" X 260","CINTA TEFLON  13mm 1/2"" X 260",2.77,,,100,100,20,60
CINTTEF19mm,CINTTEF19mm,"CINTA TEFLON  19mm 3/4"" X 260","CINTA TEFLON  19mm 3/4"" X 260",3.73,,,100,100,20,60
CINTTEFL25MM,CINTTEFL25MM,CINTA TEFLON 25 MM 1'' X 260,CINTA TEFLON 25 MM 1'' X 260,5.1,,,100,100,20,60
CINTA100,CINTA100,"CINTA TRASPARENTE 2"" X 100 NAVITEK 95 EXTRA","CINTA TRASPARENTE 2"" X 100 NAVITEK 95 EXTRA",18.5,,,100,100,20,60
CLAVLEV2P,CLAVLEV2P,CLAV.LEVITON M.V. 2P 3H 30A250 V#2621 NEMA L6-30,CLAV.LEVITON M.V. 2P 3H 30A250 V#2621 NEMA L6-30,331.8,,,100,100,20,60
CLAV3P4H,CLAV3P4H,CLAV.LEVITON M.V. 3P 4H 30A 125/250V #2711 NEMA L14-30P,CLAV.LEVITON M.V. 3P 4H 30A 125/250V #2711 NEMA L14-30P,443.44,,,100,100,20,60
CLACOOAMA2867,CLACOOAMA2867,CLAVIJA COOPER 2P 3H 15A 125V BLIN.AMARILLA #2867-BOX,CLAVIJA COOPER 2P 3H 15A 125V BLIN.AMARILLA #2867-BOX,29.25,,,100,100,20,60
CODGA9012,CODGA9012,CODO GALVANIZADO 90° 13MM  1/2,CODO GALVANIZADO 90° 13MM  1/2,6.12,,,100,100,20,60
CODGAL90,CODGAL90,CODO GALVANIZADO 90° C-40 25MM 1,CODO GALVANIZADO 90° C-40 25MM 1,17.95,,,100,100,20,60
CODO9060,CODO9060,CODO GALVANIZADO 90° C-40 3MM 1/8,CODO GALVANIZADO 90° C-40 3MM 1/8,15.4,,,100,100,20,60
CODO,CODO,CODO GALVANIZADO 90° C-40 6MM 1/4,CODO GALVANIZADO 90° C-40 6MM 1/4,15.42,,,100,100,20,60
COPD13,COPD13,CODO PARED DELGADA 13MM 1/2,CODO PARED DELGADA 13MM 1/2,12.13,,,100,100,20,60
CODPD25MM,CODPD25MM,"CODO PARED DELGADA 25MM  1""","CODO PARED DELGADA 25MM  1""",34.87,,,100,100,20,60
CODPVC,CODPVC,CODO PVC C-80 90° 13MM 1/2,CODO PVC C-80 90° 13MM 1/2,14.37,,,100,100,20,60
CODPVC80,CODPVC80,"CODO PVC C-80 90° 25MM 1""","CODO PVC C-80 90° 25MM 1""",19.75,,,100,100,20,60
CDPVC90,CDPVC90,"CODO PVC C90° 13MM SOLDABLE 1/2""","CODO PVC C90° 13MM SOLDABLE 1/2""",14.37,,,100,100,20,60
CONDOTC/T,CONDOTC/T,CONDULENT OT C/ TAPA RAWELT 19MM 3/4 28.01.0087C,CONDULENT OT C/ TAPA RAWELT 19MM 3/4 28.01.0087C,38.39,,,100,100,20,60
COND19333/4,COND19333/4,"CONDULET OLB C/TAPA RAWELT  19MM 3/4""  28.01.0088","CONDULET OLB C/TAPA RAWELT  19MM 3/4""  28.01.0088",32.69,,,100,100,20,60
CONDOLBC/T,CONDOLBC/T,CONDULET OLB C/TAPA RAWELT 13 MM 1/2 28.01.2986C,CONDULET OLB C/TAPA RAWELT 13 MM 1/2 28.01.2986C,27.96,,,100,100,20,60
CONECLIQUI13MM,CONECLIQUI13MM,CONECTOR LIQUIDTIGHT CURVO 13MM  1/2  HLC 12,CONECTOR LIQUIDTIGHT CURVO 13MM  1/2  HLC 12,29.07,,,100,100,20,60
CDLI25MM,CDLI25MM,"CONECTOR LIQUIDTIGHT CURVO 25 MM 1"" HLC 100","CONECTOR LIQUIDTIGHT CURVO 25 MM 1"" HLC 100",42.42,,,100,100,20,60
CONECLIQ13MM1/2,CONECLIQ13MM1/2,"CONECTOR LIQUIDTIGHT RECTO 13MM ½"" HLR 12","CONECTOR LIQUIDTIGHT RECTO 13MM ½"" HLR 12",12.12,,,100,100,20,60
COLIR19,COLIR19,"CONECTOR LIQUIDTIGHT RECTO 19 MM 3/4"" HLR 34","CONECTOR LIQUIDTIGHT RECTO 19 MM 3/4"" HLR 34",26.93,,,100,100,20,60
CONECHEM7183/8,CONECHEM7183/8,CONECTOR MILTON RAPIDO HEMBRA #718BK 3/8,CONECTOR MILTON RAPIDO HEMBRA #718BK 3/8,104.2,,,100,100,20,60
CONPDCLL12,CONPDCLL12,"CONECTOR P/DELGADA 13MM 1/2"" CCL12","CONECTOR P/DELGADA 13MM 1/2"" CCL12",4.58,,,100,100,20,60
CD25MM,CD25MM,"CONECTOR P/DELGADA 25MM 1"" CCL100","CONECTOR P/DELGADA 25MM 1"" CCL100",9.22,,,100,100,20,60
CONEPPD51MM,CONEPPD51MM,"CONECTOR P/DELGADA 51MM  2""  CCL 200","CONECTOR P/DELGADA 51MM  2""  CCL 200",37.07,,,100,100,20,60
conec/8,conec/8,"CONECTOR P/VARILLA REFORZADO DE 5/8""","CONECTOR P/VARILLA REFORZADO DE 5/8""",24.75,,,100,100,20,60
CONC-8013MM1/2,CONC-8013MM1/2,"CONECTOR PVC C-80 ROSCA INTERIOR 13MM 1/2""","CONECTOR PVC C-80 ROSCA INTERIOR 13MM 1/2""",10.95,,,100,100,20,60
CONECPVC,CONECPVC,"CONECTOR PVC C-80 ROSCA INTERIOR 25MM 1""","CONECTOR PVC C-80 ROSCA INTERIOR 25MM 1""",35.64,,,100,100,20,60
MALESTR,MALESTR,CONECTOR RECTO MACHO,CONECTOR RECTO MACHO,268.19,,,100,100,20,60
CONEUR1,CONEUR1,CONECTOR USO RUDO 13MM 1/2 CUR  12,CONECTOR USO RUDO 13MM 1/2 CUR  12,3.97,,,100,100,20,60
CONEC13MM12,CONEC13MM12,CONECTOR USO RUDO 19 MM 3/4 CUR 34,CONECTOR USO RUDO 19 MM 3/4 CUR 34,6.7,,,100,100,20,60
CONUR25MM,CONUR25MM,CONECTOR USO RUDO 25 MM 1 CUR 100,CONECTOR USO RUDO 25 MM 1 CUR 100,5.86,,,100,100,20,60
CONTLE2P,CONTLE2P,CONT. LEVITON COL.2P 3H 30A 277V #2633 NEMA L7-30,CONT. LEVITON COL.2P 3H 30A 277V #2633 NEMA L7-30,533.18,,,100,100,20,60
CONTLEV3P,CONTLEV3P,CONT. LEVITON COL.3P 4H 30A 125/250V #2713 NEMA L1A-30R,CONT. LEVITON COL.3P 4H 30A 125/250V #2713 NEMA L1A-30R,735.24,,,100,100,20,60
CONTC22P,CONTC22P,CONTACTO LEVITON CAJA 2P 3H 30A 250V #2620 NEMAL6-30R,CONTACTO LEVITON CAJA 2P 3H 30A 250V #2620 NEMAL6-30R,245.7,,,100,100,20,60
CONTACLEV5320,CONTACLEV5320,CONTACTO LEVITON LINEA ANTIGUA 15A 125V DOBLE MARFIL #5320-ICP,CONTACTO LEVITON LINEA ANTIGUA 15A 125V DOBLE MARFIL #5320-ICP,10.86,,,100,100,20,60
TEMPCONTR,TEMPCONTR,CONTROLADOR DE TEMPERATURA AUTOMATIZACION DIRECTA,CONTROLADOR DE TEMPERATURA AUTOMATIZACION DIRECTA,3167.5,,,100,100,20,60
COPLG03P1A1D,COPLG03P1A1D,COPLE GALVANIZADO C-40  10MM  3/8,COPLE GALVANIZADO C-40  10MM  3/8,13.96,,,100,100,20,60
COPLC403MM1/8,COPLC403MM1/8,COPLE GALVANIZADO C-40 3MM 1/8,COPLE GALVANIZADO C-40 3MM 1/8,11.86,,,100,100,20,60
COPC-406MM1/4,COPC-406MM1/4,COPLE GALVANIZADO C-40 6MM 1/4,COPLE GALVANIZADO C-40 6MM 1/4,11.73,,,100,100,20,60
COPGAL12,COPGAL12,COPLE GALVANIZADO C-4013MM 1/2,COPLE GALVANIZADO C-4013MM 1/2,5.75,,,100,100,20,60
COPPAR19MM3/4,COPPAR19MM3/4,"COPLE PARED DELGADA  19MM   ¾"" CPD 34","COPLE PARED DELGADA  19MM   ¾"" CPD 34",8.27,,,100,100,20,60
CO51MM,CO51MM,"COPLE PARED DELGADA 25MM 1"" CPD 100","COPLE PARED DELGADA 25MM 1"" CPD 100",11.57,,,100,100,20,60
"COP51MM2""","COP51MM2""","COPLE PARED DELGADA 51MM  2""  CPD 200","COPLE PARED DELGADA 51MM  2""  CPD 200",34.36,,,100,100,20,60
COPLPVC51MM,COPLPVC51MM,"COPLE PVC C-40   51MM   2""","COPLE PVC C-40   51MM   2""",15.59,,,100,100,20,60
TWIST,TWIST,"CORBATA PRECORTADA 8"" VERDE (1932892)","CORBATA PRECORTADA 8"" VERDE (1932892)",271.97,,,100,100,20,60
CORRDEPL,CORRDEPL,CORRECTOR DE PLUMA,CORRECTOR DE PLUMA,15.73,,,100,100,20,60
GOJO14OZ1109-12,GOJO14OZ1109-12,CREMA DESENGRASANTE GOJO 14 OZ 397GR 1109-12,CREMA DESENGRASANTE GOJO 14 OZ 397GR 1109-12,178.93,,,100,100,20,60
GOJ4.5LB,GOJ4.5LB,CREMA DESENGRASANTE GOJO 4.5 LB,CREMA DESENGRASANTE GOJO 4.5 LB,322.69,,,100,100,20,60
CUELL2699,CUELL2699,CUELLO DE CERA C/GUIA #2699 FAMA,CUELLO DE CERA C/GUIA #2699 FAMA,16.84,,,100,100,20,60
DESAR9622,DESAR9622,DESARM. AMBAR CABINET #9622 1/8 X 2½  URREA,DESARM. AMBAR CABINET #9622 1/8 X 2½  URREA,32.03,,,100,100,20,60
DESBIOVERDEPOO,DESBIOVERDEPOO,DESENGRASANTE BIOVERDE PORRON,DESENGRASANTE BIOVERDE PORRON,450,,,100,100,20,60
DISAUES,DISAUES,DISCO AUSTROMEX P/ESMERIL 6 X 1 X 1#23 GRANO 60,DISCO AUSTROMEX P/ESMERIL 6 X 1 X 1#23 GRANO 60,373.95,,,100,100,20,60
"DISC7""","DISC7""","DISCO DE CORTE DE ALUMINIO GRIT 7"" X 1/16"" X 1-1/4""  8,730 MAX RPM","DISCO DE CORTE DE ALUMINIO GRIT 7"" X 1/16"" X 1-1/4""  8,730 MAX RPM",185.74,,,100,100,20,60
"DISCO7""","DISCO7""","DISCO GRIT DE OXIDO DE ALUMINIO 7""","DISCO GRIT DE OXIDO DE ALUMINIO 7""",185.74,,,100,100,20,60
DISDCORAUSTRO,DISDCORAUSTRO,DISCOS DE CORTE DE AUSTROMEX #579,DISCOS DE CORTE DE AUSTROMEX #579,394.04,,,100,100,20,60
ENSEPC/T,ENSEPC/T,ENCENDEDOR PARA COCINA TOKAI,ENCENDEDOR PARA COCINA TOKAI,42,,,100,100,20,60
ESPRIGMGO,ESPRIGMGO,ESPATULA RIGIDA MGO MAD. ET-3R 3 TRUPER 14442,ESPATULA RIGIDA MGO MAD. ET-3R 3 TRUPER 14442,39.82,,,100,100,20,60
FAJACH,FAJACH,FAJA REFORZADA C/TIRANTES CHICA,FAJA REFORZADA C/TIRANTES CHICA,83.85,,,100,100,20,60
FAJAEXG,FAJAEXG,FAJA REFORZADA C/TIRANTES EXTRA GRANDE,FAJA REFORZADA C/TIRANTES EXTRA GRANDE,83.85,,,100,100,20,60
FAJAGR,FAJAGR,FAJA REFORZADA C/TIRANTES GRANDE,FAJA REFORZADA C/TIRANTES GRANDE,83.85,,,100,100,20,60
FAJAMED,FAJAMED,FAJA REFORZADA C/TIRANTES MEDIANA,FAJA REFORZADA C/TIRANTES MEDIANA,83.85,,,100,100,20,60
FIBR7447B,FIBR7447B,FIBRA ABRASIVA GRAND GUIN SB 7447B C/60PZ 61500123239,FIBRA ABRASIVA GRAND GUIN SB 7447B C/60PZ 61500123239,22.67,,,100,100,20,60
FILTRP20,FILTRP20,FILTRO P20 1 1/4 100 RV3,FILTRO P20 1 1/4 100 RV3,"1,736.41",,,100,100,20,60
FUSI58AMP600V,FUSI58AMP600V,FUSIBLE ATQR   5 AMP. 600V FERRAZ SHAWMUT,FUSIBLE ATQR   5 AMP. 600V FERRAZ SHAWMUT,106.35,,,100,100,20,60
FUS10AMP600V,FUS10AMP600V,FUSIBLE ATQR  10 AMP. 600V FERRAZ SHAWMUT,FUSIBLE ATQR  10 AMP. 600V FERRAZ SHAWMUT,106.35,,,100,100,20,60
FUS2502V,FUS2502V,FUSIBLE FNM  250V  30 AMP.,FUSIBLE FNM  250V  30 AMP.,67.2,,,100,100,20,60
FUS2580V10,FUS2580V10,FUSIBLE FNM  250V 10 AMP.,FUSIBLE FNM  250V 10 AMP.,74.48,,,100,100,20,60
FUS250V15,FUS250V15,FUSIBLE FNM  250V 15 AMP.,FUSIBLE FNM  250V 15 AMP.,84,,,100,100,20,60
FUS500V25AMP,FUS500V25AMP,FUSIBLE FNM  500V AC 25 AMP,FUSIBLE FNM  500V AC 25 AMP,134.5,,,100,100,20,60
FUSFNQ,FUSFNQ,FUSIBLE FNQ 500V AC 20 AMP.,FUSIBLE FNQ 500V AC 20 AMP.,152.76,,,100,100,20,60
GASFREON2230,GASFREON2230,GAS FREON 22 30 LBS,GAS FREON 22 30 LBS,"3,483.20",,,100,100,20,60
GUANTENYLON10,GUANTENYLON10,GUANTE DE NYLON C/ POLIURETANO NEGRO #10,GUANTE DE NYLON C/ POLIURETANO NEGRO #10,11.65,,,100,100,20,60
GUANTENYLON6,GUANTENYLON6,GUANTE DE NYLON C/ POLIURETANO NEGRO #6,GUANTE DE NYLON C/ POLIURETANO NEGRO #6,11.65,,,100,100,20,60
GUANTENYLON7,GUANTENYLON7,GUANTE DE NYLON C/ POLIURETANO NEGRO #7,GUANTE DE NYLON C/ POLIURETANO NEGRO #7,11.65,,,100,100,20,60
GUANTENYLON8,GUANTENYLON8,GUANTE DE NYLON C/ POLIURETANO NEGRO #8,GUANTE DE NYLON C/ POLIURETANO NEGRO #8,11.65,,,100,100,20,60
GUANTENYLON9,GUANTENYLON9,GUANTE DE NYLON C/ POLIURETANO NEGRO #9,GUANTE DE NYLON C/ POLIURETANO NEGRO #9,11.65,,,100,100,20,60
GUANYL10,GUANYL10,GUANTE DE NYLON NEGRO CON NITRILO NEGRO PAR #10,GUANTE DE NYLON NEGRO CON NITRILO NEGRO PAR #10,17.62,,,100,100,20,60
GUANTNEG#7,GUANTNEG#7,GUANTE DE NYLON NEGRO CON NITRILO NEGRO PAR #7,GUANTE DE NYLON NEGRO CON NITRILO NEGRO PAR #7,17.62,,,100,100,20,60
GUANNNP#8,GUANNNP#8,GUANTE DE NYLON NEGRO CON NITRILO NEGRO PAR #8,GUANTE DE NYLON NEGRO CON NITRILO NEGRO PAR #8,17.62,,,100,100,20,60
GUANT9Q,GUANT9Q,GUANTE DE NYLON NEGRO CON NITRILO NEGRO PAR #9,GUANTE DE NYLON NEGRO CON NITRILO NEGRO PAR #9,17.62,,,100,100,20,60
GUANTENYLON6,GUANTENYLON6,GUANTE DE NYLON C/ POLIURETANO NEGRO #6,GUANTE DE NYLON C/ POLIURETANO NEGRO #6,14.61,,,100,100,20,60
GUANTENYLON7,GUANTENYLON7,GUANTE DE NYLON C/ POLIURETANO NEGRO #7,GUANTE DE NYLON C/ POLIURETANO NEGRO #7,14.61,,,100,100,20,60
GUANTENYLON8,GUANTENYLON8,GUANTE DE NYLON C/ POLIURETANO NEGRO #8,GUANTE DE NYLON C/ POLIURETANO NEGRO #8,14.61,,,100,100,20,60
GUANTENYLON9,GUANTENYLON9,GUANTE DE NYLON C/ POLIURETANO NEGRO #9,GUANTE DE NYLON C/ POLIURETANO NEGRO #9,14.61,,,100,100,20,60
GUANN10S,GUANN10S,GUANTE DE NYLON NEGRO C/ NITRILO NEGRO PAR #10 SUK-811,GUANTE DE NYLON NEGRO C/ NITRILO NEGRO PAR #10 SUK-811,17.62,,,100,100,20,60
GUANTC/NIT,GUANTC/NIT,GUANTE DE NYLON NEGRO C/ NITRILO NEGRO PAR #7 SUK-811,GUANTE DE NYLON NEGRO C/ NITRILO NEGRO PAR #7 SUK-811,17.62,,,100,100,20,60
GUANTN8S,GUANTN8S,GUANTE DE NYLON NEGRO C/ NITRILO NEGRO PAR #8 SUK-811,GUANTE DE NYLON NEGRO C/ NITRILO NEGRO PAR #8 SUK-811,17.62,,,100,100,20,60
GUANT9NSUK,GUANT9NSUK,GUANTE DE NYLON NEGRO C/ NITRILO NEGRO PAR #9 SUK-811,GUANTE DE NYLON NEGRO C/ NITRILO NEGRO PAR #9 SUK-811,17.62,,,100,100,20,60
GUANNY6,GUANNY6,GUANTE DE NYLON NEGRO CON NITRILO NEGRO PAR #6 51-811,GUANTE DE NYLON NEGRO CON NITRILO NEGRO PAR #6 51-811,17.62,,,100,100,20,60
HEATSHRI,HEATSHRI,"HEAT SHRINK TUBERIA FLEXIBLE SFTW-203 1"" (24/8) BKR LS OF 30.5M ID TE1000-45224","HEAT SHRINK TUBERIA FLEXIBLE SFTW-203 1"" (24/8) BKR LS OF 30.5M ID TE1000-45224",14.38,,,100,100,20,60
#MKPHER,#MKPHER,HELLERMAN TYTON #MK9 LK PISTOLA,HELLERMAN TYTON #MK9 LK PISTOLA,"2,790.06",,,100,100,20,60
HERR2200,HERR2200,"HERRAJE P/WC 10"" #2200 FAMA","HERRAJE P/WC 10"" #2200 FAMA",47.9,,,100,100,20,60
HRAF1K,HRAF1K,HILO DE RAFIA (BOLA DE 1KG),HILO DE RAFIA (BOLA DE 1KG),110,,,100,100,20,60
HOJIMP01,HOJIMP01,HOJAS PARA IMPRESORA (CAJA) NEXTEP,HOJAS PARA IMPRESORA (CAJA) NEXTEP,737.4,,,100,100,20,60
PEV-1/4,PEV-1/4,INTERUPTOR DE PRESION FESTO PEV-1/4-B,INTERUPTOR DE PRESION FESTO PEV-1/4-B,633.95,,,100,100,20,60
JGOLLA4972,JGOLLA4972,JGO DE LLAVE ALLEN HEX. L 13PZ. #4972R,JGO DE LLAVE ALLEN HEX. L 13PZ. #4972R,244.41,,,100,100,20,60
JGOLLA4995,JGOLLA4995,JGO DE LLAVE ALLEN BOLA STD 13PZ #4995 URREA,JGO DE LLAVE ALLEN BOLA STD 13PZ #4995 URREA,266.1,,,100,100,20,60
LAPADH22G,LAPADH22G,LAPIZ ADHESIVO  (22 GRAMOS),LAPIZ ADHESIVO  (22 GRAMOS),23.44,,,100,100,20,60
SEGURIDADLENTES,SEGURIDADLENTES,LENTE DE SEGURIDAD CLARO,LENTE DE SEGURIDAD CLARO,14.19,,,100,100,20,60
5737X-86LIJA,5737X-86LIJA,LIJA BANDA FANDELI X-86 #60 6X1.22M,LIJA BANDA FANDELI X-86 #60 6X1.22M,250,,,100,100,20,60
LIP/A120H,LIP/A120H,LIJA P/AGUA A-99  G- 120 HOJA,LIJA P/AGUA A-99  G- 120 HOJA,7.7,,,100,100,20,60
LIJG220PZK2B,LIJG220PZK2B,LIJA P/AGUA A-99  G- 220 HOJA,LIJA P/AGUA A-99  G- 220 HOJA,6.35,,,100,100,20,60
LIJAA99G400,LIJAA99G400,LIJA P/AGUA A-99  G- 400 HOJA,LIJA P/AGUA A-99  G- 400 HOJA,6.35,,,100,100,20,60
LIJC99,LIJC99,LIJA P/AGUA C-99  G-120 HOJA,LIJA P/AGUA C-99  G-120 HOJA,7.7,,,100,100,20,60
LIJAC99G150,LIJAC99G150,LIJA P/AGUA C-99  G-150 HOJA,LIJA P/AGUA C-99  G-150 HOJA,6.52,,,100,100,20,60
LIPESME,LIPESME,LIJA P/ESMERIL J-73 G- 80 MEDI. HOJA,LIJA P/ESMERIL J-73 G- 80 MEDI. HOJA,11.45,,,100,100,20,60
LIJESMJ73F,LIJESMJ73F,LIJA P/ESMERIL J-73 G-120 FINO HOJA,LIJA P/ESMERIL J-73 G-120 FINO HOJA,10.66,,,100,100,20,60
LIMMT02,LIMMT02,"LIMA PLANA MUZA  8""  LPM-8 TRUPER 15155","LIMA PLANA MUZA  8""  LPM-8 TRUPER 15155",41.99,,,100,100,20,60
"LIMAPLANTRU6""","LIMAPLANTRU6""","LIMA PLANA MUZA 6"" LMP-6 TRUPER","LIMA PLANA MUZA 6"" LMP-6 TRUPER",29.27,,,100,100,20,60
"LIMAREDNBAST8""","LIMAREDNBAST8""","LIMA REDONDA BASTARDA 8"" LRB-8 TRUPER","LIMA REDONDA BASTARDA 8"" LRB-8 TRUPER",41.99,,,100,100,20,60
MOLD118,MOLD118,LIMPIADOR DE MOLDE ( 118313 ),LIMPIADOR DE MOLDE ( 118313 ),115.31,,,100,100,20,60
LIMPI10210,LIMPI10210,LIMPIADOR P/PVC MORADO P68 32021 TOWELD-ON 10210,LIMPIADOR P/PVC MORADO P68 32021 TOWELD-ON 10210,257.65,,,100,100,20,60
LLAV12712,LLAV12712,LLAVE AJUSTABLE CROMADA 12  #712  URREA,LLAVE AJUSTABLE CROMADA 12  #712  URREA,294.93,,,100,100,20,60
LLAV#12161/2,LLAV#12161/2,LLAVE COMB.STD. #1216 1/2,LLAVE COMB.STD. #1216 1/2,114.38,,,100,100,20,60
LLAV#1218,LLAV#1218,LLAVE COMB.STD. #1218 9/16,LLAVE COMB.STD. #1218 9/16,85.97,,,100,100,20,60
LLAV1224,LLAV1224,LLAVE COMB.STD. #1224  3/4  URREA,LLAVE COMB.STD. #1224  3/4  URREA,121.99,,,100,100,20,60
LOC495-03,LOC495-03,LOCTITE 495-03 20 GRS.,LOCTITE 495-03 20 GRS.,244.77,,,100,100,20,60
MANANT02,MANANT02,MANGA KEVLAR ANTICORTANTE C/ORIFICIO EN PULGAR,MANGA KEVLAR ANTICORTANTE C/ORIFICIO EN PULGAR,69.52,,,100,100,20,60
MARAZ40001,MARAZ40001,MARCADOR AZOR SIGNAL XTRA NEGRO 40001,MARCADOR AZOR SIGNAL XTRA NEGRO 40001,14.91,,,100,100,20,60
MARCAEA,MARCAEA,MARCADOR DE AGUA EXPO AZUL,MARCADOR DE AGUA EXPO AZUL,14.65,,,100,100,20,60
MARAEN10,MARAEN10,MARCADOR DE AGUA EXPO NEGRO,MARCADOR DE AGUA EXPO NEGRO,14.65,,,100,100,20,60
EXPOROJ,EXPOROJ,MARCADOR DE AGUA EXPO ROJO,MARCADOR DE AGUA EXPO ROJO,14.65,,,100,100,20,60
EXPOVER,EXPOVER,MARCADOR DE AGUA EXPO VERDE,MARCADOR DE AGUA EXPO VERDE,14.65,,,100,100,20,60
UMARKAZUL,UMARKAZUL,MARCADOR PERMANENTE U MARK A20 AZUL,MARCADOR PERMANENTE U MARK A20 AZUL,50,,,100,100,20,60
UMARKBLANCO,UMARKBLANCO,MARCADOR PERMANENTE U MARK A20 BLANCO,MARCADOR PERMANENTE U MARK A20 BLANCO,50,,,100,100,20,60
UMARKNARANJA,UMARKNARANJA,MARCADOR PERMANENTE U MARK A20 NARANJA,MARCADOR PERMANENTE U MARK A20 NARANJA,50,,,100,100,20,60
UMARKNGOA20,UMARKNGOA20,MARCADOR PERMANENTE U MARK A20 NEGRO,MARCADOR PERMANENTE U MARK A20 NEGRO,50,,,100,100,20,60
SHAAZUPFINO,SHAAZUPFINO,MARCADOR SHARPIE PERM. P.FINO AZUL,MARCADOR SHARPIE PERM. P.FINO AZUL,14.21,,,100,100,20,60
SHANEGPFINO,SHANEGPFINO,MARCADOR SHARPIE PERM. P.FINO NEGRO,MARCADOR SHARPIE PERM. P.FINO NEGRO,14.21,,,100,100,20,60
SHAROJPFINO,SHAROJPFINO,MARCADOR SHARPIE PERM. P.FINO ROJO,MARCADOR SHARPIE PERM. P.FINO ROJO,14.21,,,100,100,20,60
MARCSHAR,MARCSHAR,MARCADOR SHARPIE PLATEADO,MARCADOR SHARPIE PLATEADO,16.92,,,100,100,20,60
MARCSIG01,MARCSIG01,MARCADOR SIGNAL P.F NEGRO,MARCADOR SIGNAL P.F NEGRO,14.33,,,100,100,20,60
MARCSIGAZ,MARCSIGAZ,MARCADOR SIGNAL P.F. AZUL,MARCADOR SIGNAL P.F. AZUL,14.33,,,100,100,20,60
UNIPAMA,UNIPAMA,MARCADOR UNI-PAINT AMARILLO,MARCADOR UNI-PAINT AMARILLO,50,,,100,100,20,60
MARUNIPL,MARUNIPL,MARCADOR UNI-PAINT AZUL,MARCADOR UNI-PAINT AZUL,50,,,100,100,20,60
MARUNPNEG,MARUNPNEG,MARCADOR UNI-PAINT NEGRO,MARCADOR UNI-PAINT NEGRO,50,,,100,100,20,60
MARCAUNIPP,MARCAUNIPP,MARCADOR UNI-PAINT PLATA,MARCADOR UNI-PAINT PLATA,50.13,,,100,100,20,60
MARUNIPA,MARUNIPA,MARCADOR UNI-PAINT VERDE,MARCADOR UNI-PAINT VERDE,50,,,100,100,20,60
MARCAMA,MARCAMA,MARCATEXTO AMARILLO,MARCATEXTO AMARILLO,9.52,,,100,100,20,60
MARCTXT,MARCTXT,MARCATEXTO VERDE,MARCATEXTO VERDE,9.52,,,100,100,20,60
MASCCK3020,MASCCK3020,MASCARILLA CK302017-BFE95 COPERMEX,MASCARILLA CK302017-BFE95 COPERMEX,10.5,,,100,100,20,60
MASDES810,MASDES810,MASCARILLA DESECHABLE,MASCARILLA DESECHABLE,2.35,,,100,100,20,60
MAS5P,MAS5P,MASCARILLA DESECHABLE TC3306 TOOLCFAFT PAQ CON 5 PZAS,MASCARILLA DESECHABLE TC3306 TOOLCFAFT PAQ CON 5 PZAS,11.75,,,100,100,20,60
MASCDESTOL,MASCDESTOL,MASCARILLA DESECHABLE TOOLCFAFT,MASCARILLA DESECHABLE TOOLCFAFT,2.35,,,100,100,20,60
MACAHI1CABO2KILOS,MACAHI1CABO2KILOS,MECAHILO 1 CABO (2 KILOS),MECAHILO 1 CABO (2 KILOS),150,,,100,100,20,60
MACAHILO,MACAHILO,MECAHILO DE 1 CABO,MECAHILO DE 1 CABO,150,,,100,100,20,60
MIC/PCAR,MIC/PCAR,MICA P/CARPETA PRONOSA #210,MICA P/CARPETA PRONOSA #210,76.02,,,100,100,20,60
MICTERCHI,MICTERCHI,MICA TERMICA CHICA (100PZS 10 MIL),MICA TERMICA CHICA (100PZS 10 MIL),87.75,,,100,100,20,60
MUÑEL/M,MUÑEL/M,"MUÑEQUERA 4"" SF-022","MUÑEQUERA 4"" SF-022",14,,,100,100,20,60
NAVAJASHEET10-189,NAVAJASHEET10-189,NAVAJA SHEETROCKERA STANLEY  RETR.10-189C,NAVAJA SHEETROCKERA STANLEY  RETR.10-189C,64.36,,,100,100,20,60
NA10198,NA10198,NAVAJA SHEETROCKERA STANLEY RETRATIL 10-189 C,NAVAJA SHEETROCKERA STANLEY RETRATIL 10-189 C,64.36,,,100,100,20,60
NIP1X225MM,NIP1X225MM,NIPLE GALVANIZADO 1 X 2  25MM X 51MM,NIPLE GALVANIZADO 1 X 2  25MM X 51MM,9.27,,,100,100,20,60
NIPG1X9,NIPG1X9,NIPLE GALVANIZADO 1 X 3 25MM X 76MM,NIPLE GALVANIZADO 1 X 3 25MM X 76MM,10.51,,,100,100,20,60
NIP1XR,NIP1XR,NIPLE GALVANIZADO 1 X R.C 25MM Y RC,NIPLE GALVANIZADO 1 X R.C 25MM Y RC,7.59,,,100,100,20,60
OVEEXGBLAN,OVEEXGBLAN,OVEROL DESECHABLE EXTRAGRANDE BLANCO,OVEROL DESECHABLE EXTRAGRANDE BLANCO,40.14,,,100,100,20,60
OVERDESECHA,OVERDESECHA,OVEROL DESECHABLE GRANDE BLANCO,OVEROL DESECHABLE GRANDE BLANCO,40.14,,,100,100,20,60
PAPBONDBCO500,PAPBONDBCO500,PAPEL  BOND  BLANCO T/ CARTA  C 500,PAPEL  BOND  BLANCO T/ CARTA  C 500,73.74,,,100,100,20,60
PAPENEX,PAPENEX,PAPEL BOND MARCA NEXTEP PAQUETE,PAPEL BOND MARCA NEXTEP PAQUETE,73.74,,,100,100,20,60
PELICULA18X60X1300FT,PELICULA18X60X1300FT,PELICULA ESTIRABLE 18 X 60 X 1300FT,PELICULA ESTIRABLE 18 X 60 X 1300FT,76.3,,,100,100,20,60
PELI18X70X1500,PELI18X70X1500,PELICULA ESTIRABLE 18 X 70 X 1500 FT,PELICULA ESTIRABLE 18 X 70 X 1500 FT,124.6,,,100,100,20,60
PERILLARANAP/WC,PERILLARANAP/WC,PERILLA RANA P/WC KORKY USA,PERILLA RANA P/WC KORKY USA,65,,,100,100,20,60
PERR1/4,PERR1/4,PERRO P/VARILLA ROSCADA GALV. 1/4 X 3/4  USA,PERRO P/VARILLA ROSCADA GALV. 1/4 X 3/4  USA,17.97,,,100,100,20,60
PERR3/8X3/4,PERR3/8X3/4,"PERRO P/VARILLA ROSCADA GALV. 3/8 X ¾"" MA 34 38","PERRO P/VARILLA ROSCADA GALV. 3/8 X ¾"" MA 34 38",32.62,,,100,100,20,60
PIJSR61,PIJSR61,PIJA  PARA SHEETROCK 6X1STD #06621 PIEZA,PIJA  PARA SHEETROCK 6X1STD #06621 PIEZA,0.1,,,100,100,20,60
PIJA6X1STD,PIJA6X1STD,"PIJA P/SHEETROCK 6 X 1  STD #06621 CAJA 10,000 PZ (1 KG 630 PZ )","PIJA P/SHEETROCK 6 X 1  STD #06621 CAJA 10,000 PZ (1 KG 630 PZ )",0.1,,,100,100,20,60
PIJA8X3STD,PIJA8X3STD,"PIJA P/SHEETROCK 8 X 3  STD #06645 CAJA 2,000 PZ  (1 KG 212 PZ)  (FRTT1910)","PIJA P/SHEETROCK 8 X 3  STD #06645 CAJA 2,000 PZ  (1 KG 212 PZ)  (FRTT1910)",0.27,,,100,100,20,60
PIJBRO14X1,PIJBRO14X1,PIJA PTA/BROCA C/EMP 1/4 X 1  #06104,PIJA PTA/BROCA C/EMP 1/4 X 1  #06104,0.84,,,100,100,20,60
PIJAPT,PIJAPT,"PIJA PTA/BROCA C/EMP. 1/4"" X 1 1/2"" (CAJA 1500 PZ)","PIJA PTA/BROCA C/EMP. 1/4"" X 1 1/2"" (CAJA 1500 PZ)",0.6,,,100,100,20,60
PIJAP3/16,PIJAP3/16,PIJA PTA/BROCA C/EMP. 3/16 X 1 1/2 CAJA 2000PZ.,PIJA PTA/BROCA C/EMP. 3/16 X 1 1/2 CAJA 2000PZ.,0.52,,,100,100,20,60
PIPEM316,PIPEM316,PIJA PTA/BROCA C/EMP.3/16 X  1/2,PIJA PTA/BROCA C/EMP.3/16 X  1/2,0.66,,,100,100,20,60
PINZA61/4,PINZA61/4,PINZA CORTE DIAGONAL 6 1/4 C/RES 206GR URREA,PINZA CORTE DIAGONAL 6 1/4 C/RES 206GR URREA,202.54,,,100,100,20,60
PINZ89/32,PINZ89/32,PINZA D/ELECTRICISTA 8  9/32  #268GHL C/LAT. URREA,PINZA D/ELECTRICISTA 8  9/32  #268GHL C/LAT. URREA,320.26,,,100,100,20,60
PINZA/9/14,PINZA/9/14,PINZA D/ELECTRICISTA 9 1/4 #259GHL URREA,PINZA D/ELECTRICISTA 9 1/4 #259GHL URREA,514.11,,,100,100,20,60
PINZ661-162,PINZ661-162,"PINZA DE MECANICO 6"" VISE-GRIP IRWIN 61-162-032  2078406","PINZA DE MECANICO 6"" VISE-GRIP IRWIN 61-162-032  2078406",207.57,,,100,100,20,60
PINZAPCONICA170M,PINZAPCONICA170M,PINZA PUNTA CONICA C/RES 5 MOD. 170M URREA,PINZA PUNTA CONICA C/RES 5 MOD. 170M URREA,134.85,,,100,100,20,60
PINZAPLARGA65/8,PINZAPLARGA65/8,PINZA PUNTA LARGA CORTE LAT 6 5/8 226GR URREA,PINZA PUNTA LARGA CORTE LAT 6 5/8 226GR URREA,257.05,,,100,100,20,60
PIS/PEGPI,PIS/PEGPI,PISTOLA ELECTRICA DE PEGAMENTO PIPE-5/16 TRUPER,PISTOLA ELECTRICA DE PEGAMENTO PIPE-5/16 TRUPER,75.13,,,100,100,20,60
PIST4530,PIST4530,PISTOLA PARA SINCHO GREENLEE 45300,PISTOLA PARA SINCHO GREENLEE 45300,"2,040.59",,,100,100,20,60
BICPMAZUL,BICPMAZUL,PLUMA BIC  P.M  AZUL,PLUMA BIC  P.M  AZUL,3.03,,,100,100,20,60
BICPMNEGRO,BICPMNEGRO,PLUMA BIC P.M. NEGRO,PLUMA BIC P.M. NEGRO,3.03,,,100,100,20,60
MOUNTED14,MOUNTED14,PUNTA MONTADA 1/4 BOBS,PUNTA MONTADA 1/4 BOBS,58.74,,,100,100,20,60
PUMOZ611,PUMOZ611,PUNTA MONTADA AZUL 611,PUNTA MONTADA AZUL 611,68.73,,,100,100,20,60
MON516,MON516,PUNTA MONTADA BOBS 5/16,PUNTA MONTADA BOBS 5/16,69.35,,,100,100,20,60
REDBUH,REDBUH,"RED. BUSH PVC. C-40 51 MM X 25 MM 2"" X 1""","RED. BUSH PVC. C-40 51 MM X 25 MM 2"" X 1""",26.26,,,100,100,20,60
REDBUSH6MMX3M,REDBUSH6MMX3M,RED.BUSH.BRONCE    6MM X  3MM 1/4 X 1/8,RED.BUSH.BRONCE    6MM X  3MM 1/4 X 1/8,19.78,,,100,100,20,60
REDBU6MMX3MM 1/4,REDBU6MMX3MM 1/4,RED.BUSH.GALV.   6MM X 3MM  1/4 X 1/8,RED.BUSH.GALV.   6MM X 3MM  1/4 X 1/8,20.77,,,100,100,20,60
REDBUSH1/2X3/8,REDBUSH1/2X3/8,RED.BUSH.GALV.  13MM X 10MM 1/2 X 3/8,RED.BUSH.GALV.  13MM X 10MM 1/2 X 3/8,9.2,,,100,100,20,60
REDBUSH1X3/8,REDBUSH1X3/8,RED.BUSH.GALV.  25MM X 10MM  1 X 3/8,RED.BUSH.GALV.  25MM X 10MM  1 X 3/8,22.37,,,100,100,20,60
REDBUS1X1/2,REDBUS1X1/2,RED.BUSH.GALV.  25MM X 13MM 1X1/2,RED.BUSH.GALV.  25MM X 13MM 1X1/2,20.3,,,100,100,20,60
REDBUSH01,REDBUSH01,RED.BUSH.GALV. 25MM X 6MM 1 X 1/4,RED.BUSH.GALV. 25MM X 6MM 1 X 1/4,21.8,,,100,100,20,60
REDBUSHPVC51MM,REDBUSHPVC51MM,"RED.BUSH.PVC C-40  51MM X 38MM 2"" X 1 1/2""","RED.BUSH.PVC C-40  51MM X 38MM 2"" X 1 1/2""",19.57,,,100,100,20,60
REPOFF170,REPOFF170,REPELENTE DE INSECTOS CON AROMA OFF 170G,REPELENTE DE INSECTOS CON AROMA OFF 170G,81.94,,,100,100,20,60
REP/PNAVAJA,REP/PNAVAJA,REPUESTO P/NAVAJA SHEETROCK PUNTA REDONDA CAJA C/100PZ.,REPUESTO P/NAVAJA SHEETROCK PUNTA REDONDA CAJA C/100PZ.,482.38,,,100,100,20,60
REP/PNAVAJA,REP/PNAVAJA,REPUESTO P/NAVAJA SHEETROCK PUNTA REDONDA CAJA C/100PZ.,REPUESTO P/NAVAJA SHEETROCK PUNTA REDONDA CAJA C/100PZ.,482.38,,,100,100,20,60
REPRFEL,REPRFEL,REPUESTO P/RODILLO C/FELPA DE 3/8 X9 ECONO ROLL FEL19-BYP,REPUESTO P/RODILLO C/FELPA DE 3/8 X9 ECONO ROLL FEL19-BYP,16.93,,,100,100,20,60
RON4M1/4,RON4M1/4,RONDANA PLANA ACERO INOX  6MM 1/4,RONDANA PLANA ACERO INOX  6MM 1/4,0.36,,,100,100,20,60
ROND6.41/4,ROND6.41/4,"RONDANA PLANA GALV.  6.4mm 1/4"" 330 Pz. x KIL","RONDANA PLANA GALV.  6.4mm 1/4"" 330 Pz. x KIL",0.36,,,100,100,20,60
ROND12.71/2,ROND12.71/2,"RONDANA PLANA GALV. 12.7MM 1/2""","RONDANA PLANA GALV. 12.7MM 1/2""",1,,,100,100,20,60
RTN1316,RTN1316,RTN1315PUNTA DE BOQUILLA,RTN1315PUNTA DE BOQUILLA,433.8,,,100,100,20,60
RUE23,RUE23,RUEDA DE ESMERIL CLAVE 23 GRANO 60 AUSTROMEX,RUEDA DE ESMERIL CLAVE 23 GRANO 60 AUSTROMEX,373.95,,,100,100,20,60
SEGBIHE,SEGBIHE,SEGUETA 18 DTS. BIMETALICA 041812 HECORT,SEGUETA 18 DTS. BIMETALICA 041812 HECORT,11.91,,,100,100,20,60
SILIENBA01,SILIENBA01,SILICON EN BARRA 4X5/16 REP-PIPE-5/16 TRUPER PAQ.C/,SILICON EN BARRA 4X5/16 REP-PIPE-5/16 TRUPER PAQ.C/,26.8,,,100,100,20,60
SILIROJO280ML,SILIROJO280ML,SILICON PENS-SIL. IND. A.TEMP ROJO 280ML,SILICON PENS-SIL. IND. A.TEMP ROJO 280ML,83.69,,,100,100,20,60
SILIPEPE280,SILIPEPE280,SILICON PEPE  MULTI USOS TRANS 280ML,SILICON PEPE  MULTI USOS TRANS 280ML,48.27,,,100,100,20,60
SOLD6013,SOLD6013,SOLDADURA 6013  VERDE 1/8 KG.,SOLDADURA 6013  VERDE 1/8 KG.,53.26,,,100,100,20,60
SOL6013,SOL6013,SOLDADURA 6013 1/8,SOLDADURA 6013 1/8,53.26,,,100,100,20,60
SOPLSCIL,SOPLSCIL,SOPLETE PARA SILINDRO DESECHABLE MOD.902,SOPLETE PARA SILINDRO DESECHABLE MOD.902,178.93,,,100,100,20,60
SPRAYBYP,SPRAYBYP,SPRAY BYP ALUMINIO AAL,SPRAY BYP ALUMINIO AAL,43.23,,,100,100,20,60
SPRAYBYP,SPRAYBYP,SPRAY BYP AMARILLO AAO,SPRAY BYP AMARILLO AAO,43.23,,,100,100,20,60
SPRAGRS,SPRAGRS,SPRAY BYP GRIS MAQUINA AGR,SPRAY BYP GRIS MAQUINA AGR,30.48,,,100,100,20,60
SPRAYNMBYP,SPRAYNMBYP,SPRAY BYP NEGRO MATE  ANM,SPRAY BYP NEGRO MATE  ANM,34,,,100,100,20,60
SUJECAB4,SUJECAB4,"SUJETACABLE  4""","SUJETACABLE  4""",0.12,,,100,100,20,60
"SUJETA12""","SUJETA12""","SUJETACABLE 12""","SUJETACABLE 12""",0.72,,,100,100,20,60
"SUJE14""","SUJE14""","SUJETACABLE 14""","SUJETACABLE 14""",0.77,,,100,100,20,60
SUJETA8X.14,SUJETA8X.14,SUJETACABLE 8x .14,SUJETACABLE 8x .14,0.4,,,100,100,20,60
SWITCH,SWITCH,SWITCH DE PRESION SQD 9013FSG2J21,SWITCH DE PRESION SQD 9013FSG2J21,442.4,,,100,100,20,60
SWIT01,SWIT01,SWITCH PALANCA C/CABLES (COLA DE RATA) FU0128 FULGORE1706 MON,SWITCH PALANCA C/CABLES (COLA DE RATA) FU0128 FULGORE1706 MON,66.93,,,100,100,20,60
TANQGASP1,TANQGASP1,TANQUE DE GAS PROPANO 400 GMS. 14.10 OZ,TANQUE DE GAS PROPANO 400 GMS. 14.10 OZ,178.93,,,100,100,20,60
TAP2X4LH049973,TAP2X4LH049973,TAPA 2 X 4 P/CONTACTO L.A. METALICA  864  LH 049973,TAPA 2 X 4 P/CONTACTO L.A. METALICA  864  LH 049973,7.49,,,100,100,20,60
TAPA2X4CIEGA,TAPA2X4CIEGA,TAPA 2X4 CIEGA METALICA LH 049965,TAPA 2X4 CIEGA METALICA LH 049965,6.62,,,100,100,20,60
TAPONDLAM,TAPONDLAM,"TAPON DE LAMINA CONDUIT 13MM 1/2"" MULBERRY","TAPON DE LAMINA CONDUIT 13MM 1/2"" MULBERRY",15.41,,,100,100,20,60
TACON19MM,TACON19MM,"TAPON DE LAMINA CONDUIT 19MM 3/4"" MULBERRY","TAPON DE LAMINA CONDUIT 19MM 3/4"" MULBERRY",7.89,,,100,100,20,60
TAPLA25M,TAPLA25M,TAPON DE LAMINA CONDUIT 25MM   1 603.G.B,TAPON DE LAMINA CONDUIT 25MM   1 603.G.B,16.9,,,100,100,20,60
TEEGALC4025MM,TEEGALC4025MM,TEE GALVANIZADA C-40   25MM   1,TEE GALVANIZADA C-40   25MM   1,24.21,,,100,100,20,60
TEEGAL40119,TEEGAL40119,TEE GALVANIZADA C-40 19MM 3/4,TEE GALVANIZADA C-40 19MM 3/4,13.16,,,100,100,20,60
TEEPVCC-40,TEEPVCC-40,"TEE PVC C-40   51MM   2""","TEE PVC C-40   51MM   2""",37.89,,,100,100,20,60
TEEC-4013MM,TEEC-4013MM,TEE PVC C-40 13MM 1/2,TEE PVC C-40 13MM 1/2,39.44,,,100,100,20,60
TEEPVC80,TEEPVC80,TEE PVC C-80 25 MM 1,TEE PVC C-80 25 MM 1,35.54,,,100,100,20,60
TERMINALBRO,TERMINALBRO,TERMINAL P/BATERIA DE BRONCE,TERMINAL P/BATERIA DE BRONCE,15.57,,,100,100,20,60
THREAD,THREAD,"TORNILLO DE INSERCION ROSCADO DE BLOQUEO DE ACERO AL CARBONO PAQUETE DE 10 5/16""- 18X1/2","TORNILLO DE INSERCION ROSCADO DE BLOQUEO DE ACERO AL CARBONO PAQUETE DE 10 5/16""- 18X1/2",278.77,,,100,100,20,60
TRAPKGCOLOR,TRAPKGCOLOR,TRAPO INDUSTRIAL MUTILADO CAMISETA COLOR,TRAPO INDUSTRIAL MUTILADO CAMISETA COLOR,11.35,,,100,100,20,60
TUBFLE,TUBFLE,"TUBO FLEXIBLE CONTRAIBLE SFTW-203 1"" (24/8) BK R LS OF 30.5 MM","TUBO FLEXIBLE CONTRAIBLE SFTW-203 1"" (24/8) BK R LS OF 30.5 MM",14.38,,,100,100,20,60
TUB2031X3.5,TUB2031X3.5,"TUBO FLEXIBLE CONTRAIBLE SFTW-203 1"" X 3.5’’","TUBO FLEXIBLE CONTRAIBLE SFTW-203 1"" X 3.5’’",4.65,,,100,100,20,60
TUBOPV25,TUBOPV25,"TUBO PVC HIDRAULICO C-40 51MM 2""","TUBO PVC HIDRAULICO C-40 51MM 2""",61.54,,,100,100,20,60
TUERC-4025,TUERC-4025,TUERCA HEXAGONAL GALVANIZADA 8-32,TUERCA HEXAGONAL GALVANIZADA 8-32,0.43,,,100,100,20,60
TUERC-4025,TUERC-4025,"TUERCA UNION GALVANIZADA C-40   25MM 1""","TUERCA UNION GALVANIZADA C-40   25MM 1""",51.27,,,100,100,20,60
VALES600,VALES600,VALV. ESF. APOLLO 600LBS 6MM 1/4,VALV. ESF. APOLLO 600LBS 6MM 1/4,242.38,,,100,100,20,60
VALESFAPO40,VALESFAPO40,"VALVULA ESFERA APOLLO 400LBS 13MM 1/2"" 32-103-01","VALVULA ESFERA APOLLO 400LBS 13MM 1/2"" 32-103-01",176.58,,,100,100,20,60
VAL25MM,VAL25MM,"VALVULA ESFERA APOLLO 400LBS 25MM 1"" 32-105-01","VALVULA ESFERA APOLLO 400LBS 25MM 1"" 32-105-01",382.11,,,100,100,20,60
YEEPVC01,YEEPVC01,"YEE PVC HIDRAULICA C-40 2""","YEE PVC HIDRAULICA C-40 2""",260.35,,,100,100,20,60
